country,1990,1991,1992,1993,1994,1995,1996,1997,1998,1999,2000,2001,2002,2003,2004,2005,2006,2007,2008,2009,2010,2011,2012,2013,2014,2015,2016
Afghanistan,2.08,2.07,2.07,2.09,2.11,2.13,2.13,2.14,2.14,2.13,2.13,2.12,2.08,2.15,2.16,2.1,2.03,1.96,1.89,1.81,1.66,1.57,1.52,1.59,1.58,1.55,1.52
Albania,0.59,0.66,0.71,0.82,0.93,0.97,1,1,1.02,1.01,0.99,0.98,0.92,0.83,0.72,0.59,0.53,0.53,0.5,0.44,0.44,0.43,0.42,0.41,0.4,0.39,0.39
Algeria,1.84,1.75,1.68,1.62,1.55,1.49,1.44,1.43,1.38,1.33,1.27,1.21,1.16,1.11,1.06,1.01,0.97,0.93,0.89,0.85,0.82,0.8,0.77,0.74,0.73,0.7,0.68
Andorra,0.29,0.28,0.28,0.27,0.25,0.24,0.23,0.21,0.2,0.19,0.18,0.18,0.17,0.16,0.16,0.16,0.15,0.15,0.15,0.15,0.15,0.15,0.14,0.14,0.14,0.14,0.14
Angola,4.12,4.04,3.95,3.92,3.89,3.8,3.64,3.5,3.59,3.46,3.37,3.24,3.18,3.14,3.13,3.04,2.95,2.89,2.81,2.7,2.63,2.52,2.4,2.28,2.18,2.07,1.96
Antigua and Barbuda,1.02,1,1,0.98,0.92,0.89,0.86,0.75,0.66,0.6,0.55,0.53,0.5,0.48,0.49,0.48,0.45,0.42,0.42,0.44,0.42,0.42,0.42,0.42,0.39,0.4,0.39
Argentina,1.09,1.06,1.03,0.99,0.96,0.93,0.9,0.87,0.83,0.81,0.78,0.75,0.74,0.72,0.72,0.73,0.68,0.67,0.65,0.63,0.61,0.59,0.59,0.57,0.57,0.55,0.54
Armenia,2.04,2.12,2.32,2.57,2.6,2.24,1.95,1.7,1.5,1.35,1.21,1.13,1.07,1.03,1,0.98,0.94,0.89,0.85,0.82,0.82,0.81,0.81,0.77,0.74,0.72,0.71
Australia,0.36,0.35,0.33,0.33,0.31,0.32,0.3,0.28,0.24,0.23,0.21,0.2,0.19,0.2,0.2,0.2,0.2,0.21,0.21,0.2,0.2,0.19,0.18,0.17,0.17,0.17,0.17
Austria,0.46,0.44,0.39,0.38,0.35,0.33,0.31,0.29,0.27,0.24,0.24,0.23,0.23,0.22,0.21,0.21,0.22,0.22,0.21,0.21,0.21,0.21,0.21,0.2,0.19,0.19,0.19
Azerbaijan,1.62,1.69,1.81,1.79,1.77,1.65,1.54,1.44,1.35,1.26,1.2,1.07,1.02,0.99,0.98,1.02,1.02,1.03,1.02,1,1.08,0.98,0.92,0.86,0.82,0.79,0.76
Bahamas,0.82,0.76,0.71,0.68,0.64,0.61,0.55,0.49,0.43,0.36,0.33,0.31,0.31,0.28,0.27,0.28,0.25,0.24,0.25,0.26,0.25,0.25,0.26,0.26,0.26,0.26,0.26
Bahrain,1.01,0.98,0.96,0.92,0.88,0.83,0.79,0.72,0.7,0.66,0.63,0.6,0.58,0.55,0.52,0.49,0.47,0.43,0.39,0.36,0.34,0.32,0.31,0.29,0.28,0.28,0.29
Bangladesh,0.9,0.85,0.8,0.74,0.7,0.66,0.62,0.58,0.55,0.52,0.51,0.45,0.42,0.39,0.4,0.4,0.43,0.45,0.47,0.46,0.45,0.4,0.38,0.36,0.35,0.35,0.32
Barbados,0.61,0.6,0.61,0.59,0.55,0.52,0.47,0.41,0.36,0.32,0.29,0.27,0.26,0.26,0.27,0.26,0.25,0.23,0.23,0.24,0.22,0.22,0.22,0.23,0.22,0.22,0.22
Belarus,2.17,2.21,2.3,2.45,2.57,2.68,2.76,2.87,2.99,3.07,3.09,3.22,3.43,3.35,3.18,3.09,2.96,2.84,2.68,2.59,2.56,2.43,2.2,2.06,1.92,1.87,1.82
Belgium,0.91,0.88,0.82,0.77,0.71,0.66,0.59,0.53,0.45,0.39,0.32,0.29,0.27,0.25,0.24,0.23,0.22,0.22,0.21,0.21,0.21,0.2,0.2,0.2,0.19,0.19,0.19
Belize,2.35,2.25,2.14,2.09,1.93,1.92,1.89,1.67,1.52,1.4,1.31,1.25,1.19,1.12,1.12,1.1,1.01,0.95,0.94,0.97,0.91,0.87,0.89,0.89,0.85,0.85,0.84
Benin,2.9,2.9,2.9,2.9,2.94,2.96,3.01,3,2.99,2.94,2.9,2.82,2.76,2.65,2.55,2.45,2.39,2.33,2.3,2.26,2.22,2.19,2.16,2.13,2.08,2.04,1.99
Bhutan,1.4,1.33,1.26,1.2,1.15,1.1,1.08,1.06,1.01,0.94,0.89,0.85,0.79,0.76,0.72,0.68,0.64,0.61,0.58,0.54,0.51,0.48,0.45,0.43,0.41,0.39,0.37
Bolivia,3.69,3.54,3.38,3.23,3.06,2.89,2.7,2.54,2.35,2.18,2.04,1.9,1.79,1.7,1.62,1.51,1.44,1.39,1.33,1.27,1.23,1.19,1.14,1.09,1.05,1.01,0.98
Bosnia and Herzegovina,6.91,6.69,6.53,6.3,5.91,5.48,4.42,3.41,2.45,1.59,1.21,1,0.9,0.82,0.77,0.73,0.7,0.67,0.64,0.61,0.59,0.57,0.53,0.49,0.45,0.45,0.44
Botswana,2.29,2.23,2.19,2.17,2.18,2.24,2.3,2.35,2.45,2.5,2.54,2.53,2.52,2.47,2.35,2.21,2.09,1.97,1.84,1.73,1.66,1.58,1.52,1.46,1.42,1.39,1.39
Brazil,0.46,0.44,0.43,0.42,0.4,0.38,0.36,0.34,0.33,0.31,0.3,0.28,0.27,0.26,0.25,0.24,0.23,0.22,0.22,0.21,0.2,0.2,0.2,0.2,0.2,0.19,0.18
Brunei,0.71,0.7,0.68,0.66,0.64,0.61,0.59,0.56,0.53,0.5,0.48,0.46,0.44,0.43,0.42,0.43,0.43,0.43,0.42,0.42,0.41,0.41,0.41,0.41,0.41,0.4,0.4
Bulgaria,1.53,1.57,1.57,1.6,1.66,1.61,1.63,1.64,1.52,1.44,1.35,1.25,1.16,1.06,0.98,0.87,0.8,0.75,0.7,0.66,0.62,0.58,0.54,0.49,0.5,0.5,0.49
Burkina Faso,4.22,4.08,4.03,3.95,3.87,3.82,3.71,3.64,3.57,3.45,3.38,3.23,3.11,3.01,2.93,2.84,2.76,2.69,2.64,2.59,2.58,2.53,2.54,2.55,2.52,2.48,2.46
Burundi,7,6.92,6.83,6.76,6.7,6.64,6.53,6.31,6.04,5.64,5.32,4.89,4.61,4.35,4.1,3.94,3.72,3.57,3.45,3.33,3.22,3.19,3.17,3.17,3.15,3.15,3.13
Cambodia,1.77,1.75,1.73,1.73,1.73,1.73,1.72,1.71,1.7,1.66,1.6,1.54,1.47,1.39,1.32,1.24,1.17,1.11,1.05,1,0.96,0.92,0.87,0.83,0.8,0.76,0.73
Cameroon,2.35,2.37,2.41,2.42,2.45,2.49,2.52,2.58,2.62,2.61,2.6,2.54,2.49,2.4,2.33,2.28,2.25,2.24,2.22,2.21,2.2,2.18,2.16,2.11,2.06,2,1.96
Canada,0.64,0.63,0.62,0.6,0.58,0.53,0.5,0.47,0.43,0.38,0.3,0.28,0.27,0.28,0.27,0.27,0.27,0.27,0.27,0.27,0.26,0.26,0.26,0.26,0.25,0.25,0.25
Cape Verde,1.6,1.58,1.57,1.59,1.61,1.65,1.66,1.63,1.57,1.5,1.44,1.38,1.33,1.28,1.23,1.18,1.15,1.1,1.06,1.01,0.97,0.93,0.89,0.86,0.83,0.81,0.78
Central African Republic,4.45,4.47,4.41,4.45,4.43,4.36,4.38,4.31,4.28,4.25,4.15,4.09,4.06,4,3.93,3.89,3.96,3.93,3.84,3.85,3.84,3.78,3.7,3.71,3.7,3.66,3.61
Chad,2.99,2.93,2.97,3.05,3.07,3.08,3.24,3.35,3.44,3.5,3.5,3.48,3.42,3.4,3.3,3.21,3.16,3.18,3.16,3.1,3.07,2.99,2.92,2.85,2.78,2.74,2.69
Chile,0.65,0.6,0.55,0.53,0.52,0.51,0.49,0.48,0.43,0.4,0.35,0.33,0.31,0.28,0.25,0.25,0.24,0.24,0.24,0.23,0.21,0.21,0.2,0.19,0.19,0.19,0.19
China,2.85,2.72,2.58,2.47,2.3,2.24,2.14,2.06,2,1.92,1.9,1.89,1.85,1.76,1.69,1.62,1.55,1.49,1.45,1.42,1.4,1.35,1.3,1.28,1.26,1.21,1.15
Colombia,1.3,1.29,1.26,1.17,1.02,0.86,0.74,0.58,0.5,0.46,0.42,0.39,0.36,0.33,0.32,0.3,0.29,0.28,0.27,0.27,0.26,0.24,0.24,0.23,0.22,0.21,0.21
Comoros,4.55,4.47,4.39,4.3,4.22,4.08,3.97,3.84,3.28,3.06,2.89,2.73,2.59,2.46,2.35,2.26,2.23,2.18,2.15,2.11,2.05,2.01,1.96,1.9,1.88,1.83,1.79
"Congo, Dem. Rep.",2.66,2.65,2.61,2.55,2.54,2.54,2.61,2.53,2.53,2.51,2.55,2.52,2.47,2.48,2.39,2.33,2.31,2.29,2.27,2.24,2.22,2.19,2.18,2.13,2.09,2.06,2.01
"Congo, Rep.",3.07,2.95,2.89,2.88,2.96,2.96,2.96,2.96,2.81,2.74,2.58,2.37,2.2,2.12,2.02,1.97,1.91,1.88,1.86,1.81,1.73,1.66,1.61,1.57,1.54,1.5,1.46
Costa Rica,0.43,0.42,0.41,0.41,0.4,0.39,0.39,0.39,0.36,0.36,0.35,0.34,0.32,0.31,0.3,0.28,0.27,0.26,0.26,0.26,0.26,0.26,0.25,0.24,0.24,0.23,0.23
Cote d'Ivoire,3.06,3.05,3.1,3.19,3.27,3.34,3.36,3.33,3.32,3.29,3.25,3.19,3.09,3,2.93,2.84,2.78,2.69,2.62,2.56,2.51,2.5,2.51,2.51,2.47,2.43,2.39
Croatia,0.91,0.85,0.76,0.71,0.63,0.52,0.44,0.38,0.3,0.27,0.26,0.23,0.23,0.22,0.22,0.2,0.2,0.19,0.17,0.17,0.15,0.15,0.16,0.15,0.14,0.14,0.14
Cuba,0.54,0.52,0.52,0.52,0.52,0.52,0.52,0.54,0.5,0.45,0.37,0.33,0.31,0.3,0.28,0.27,0.25,0.25,0.25,0.24,0.24,0.24,0.24,0.23,0.23,0.22,0.21
Cyprus,0.25,0.25,0.24,0.23,0.23,0.23,0.22,0.21,0.21,0.2,0.19,0.18,0.17,0.17,0.16,0.15,0.15,0.14,0.13,0.13,0.12,0.12,0.11,0.11,0.11,0.11,0.11
Czech Republic,1.79,1.65,1.42,1.16,0.81,0.65,0.56,0.49,0.42,0.4,0.39,0.38,0.36,0.35,0.34,0.32,0.31,0.3,0.29,0.28,0.28,0.27,0.26,0.24,0.23,0.22,0.22
Denmark,0.3,0.3,0.29,0.29,0.29,0.28,0.27,0.28,0.29,0.27,0.28,0.27,0.27,0.27,0.26,0.26,0.25,0.24,0.22,0.2,0.19,0.18,0.16,0.14,0.14,0.14,0.14
Djibouti,3.68,3.65,3.6,3.55,3.52,3.47,3.43,3.36,3.28,3.16,3.06,2.97,2.88,2.82,2.75,2.65,2.59,2.53,2.46,2.41,2.34,2.27,2.2,2.13,2.06,2,1.97
Dominica,3.78,3.82,3.91,3.82,3.6,3.42,3.25,2.79,2.45,2.13,1.86,1.75,1.68,1.6,1.62,1.61,1.48,1.41,1.41,1.47,1.4,1.37,1.43,1.46,1.41,1.41,1.39
Dominican Republic,1.24,1.13,1.02,0.91,0.81,0.72,0.65,0.59,0.54,0.49,0.45,0.42,0.39,0.37,0.37,0.37,0.36,0.35,0.33,0.32,0.31,0.3,0.29,0.28,0.27,0.27,0.26
Ecuador,1.52,1.48,1.45,1.42,1.39,1.39,1.5,1.14,1.02,0.96,0.93,0.9,0.87,0.83,0.78,0.72,0.69,0.67,0.66,0.62,0.61,0.59,0.57,0.57,0.56,0.54,0.53
Egypt,0.42,0.42,0.39,0.38,0.36,0.34,0.33,0.31,0.3,0.28,0.27,0.26,0.25,0.24,0.23,0.23,0.22,0.21,0.21,0.21,0.21,0.2,0.2,0.19,0.18,0.17,0.16
El Salvador,1.51,0.71,0.68,0.65,0.61,0.58,0.54,0.52,0.43,0.39,0.39,0.37,0.35,0.31,0.29,0.27,0.24,0.22,0.22,0.21,0.21,0.21,0.2,0.2,0.19,0.19,0.18
Equatorial Guinea,4.46,4.45,4.38,4.31,4.19,4.14,3.93,3.47,3.13,2.87,2.58,2.29,2.02,1.86,1.58,1.52,1.51,1.44,1.37,1.36,1.3,1.17,1.1,1.02,1.01,0.97,0.94
Eritrea,5.42,5.23,4.94,4.67,4.5,4.31,4.18,4.04,3.92,3.77,3.67,3.61,3.53,3.45,3.43,3.38,3.34,3.31,3.29,3.25,3.2,3.19,3.15,3.1,3.06,3,2.94
Estonia,1.81,1.96,2.18,2.49,2.93,2.99,2.6,2.43,2.38,2.11,1.93,1.82,1.57,1.44,1.31,1.19,1.05,0.95,0.75,0.66,0.57,0.53,0.52,0.48,0.46,0.47,0.47
Ethiopia,5.52,5.35,5.18,4.99,4.83,4.68,4.46,4.29,4.11,3.96,3.85,3.69,3.48,3.33,3.18,3.05,2.91,2.78,2.67,2.58,2.49,2.41,2.33,2.25,2.17,2.12,2.07
Fiji,1.07,1.06,1.04,1.03,1.02,1.01,1,0.99,0.96,0.97,0.95,0.94,0.92,0.92,0.9,0.87,0.83,0.82,0.78,0.74,0.72,0.7,0.7,0.7,0.7,0.69,0.69
Finland,4.01,3.63,3.19,2.72,2.22,1.7,0.94,0.64,0.47,0.41,0.36,0.32,0.29,0.29,0.28,0.28,0.25,0.24,0.23,0.23,0.22,0.2,0.19,0.18,0.18,0.17,0.17
France,0.54,0.51,0.48,0.47,0.45,0.44,0.43,0.41,0.39,0.36,0.31,0.28,0.26,0.24,0.23,0.22,0.21,0.21,0.2,0.2,0.2,0.2,0.2,0.19,0.19,0.18,0.18
Gabon,2.32,2.25,2.21,2.15,2.15,2.16,2.11,2.05,1.97,1.9,1.89,1.88,1.8,1.78,1.74,1.73,1.68,1.62,1.6,1.53,1.43,1.37,1.31,1.26,1.23,1.21,1.18
Gambia,2.28,2.26,2.25,2.24,2.24,2.25,2.25,2.25,2.23,2.2,2.17,2.15,2.14,2.06,2,1.97,1.93,1.89,1.83,1.8,1.74,1.69,1.66,1.64,1.61,1.58,1.54
Georgia,1.6,1.62,1.81,1.67,1.66,1.49,1.23,1.08,0.96,0.88,0.84,0.79,0.8,0.76,0.73,0.8,0.8,0.82,0.82,0.83,0.84,0.85,0.91,0.84,0.8,0.79,0.77
Germany,0.18,0.17,0.17,0.16,0.16,0.16,0.15,0.14,0.13,0.12,0.12,0.11,0.11,0.11,0.1,0.1,0.1,0.1,0.1,0.09,0.09,0.09,0.09,0.09,0.08,0.08,0.08
Ghana,3.07,2.98,2.91,2.78,2.69,2.63,2.52,2.48,2.37,2.31,2.25,2.23,2.21,2.17,2.09,2.01,1.96,1.89,1.86,1.85,1.85,1.83,1.81,1.78,1.75,1.71,1.67
Greece,0.38,0.4,0.39,0.37,0.35,0.33,0.31,0.31,0.31,0.32,0.33,0.32,0.31,0.29,0.28,0.27,0.25,0.25,0.24,0.24,0.23,0.22,0.21,0.2,0.19,0.19,0.19
Grenada,1.72,1.69,1.73,1.69,1.63,1.61,1.61,1.43,1.27,1.11,0.98,0.89,0.86,0.82,0.85,0.83,0.77,0.71,0.7,0.73,0.68,0.66,0.67,0.66,0.61,0.56,0.57
Guatemala,2.36,2.35,2.24,2.16,2.09,2.02,1.9,1.8,1.68,1.6,1.44,1.36,1.36,1.38,1.44,1.58,1.62,1.61,1.59,1.61,1.55,1.59,1.58,1.54,1.47,1.41,1.37
Guinea,3.26,3.26,3.28,3.3,3.33,3.32,3.32,3.29,3.27,3.26,3.19,3.13,3.08,3.01,2.97,2.89,2.86,2.83,2.79,2.76,2.75,2.71,2.64,2.61,2.56,2.5,2.45
Guinea-Bissau,4.13,4.11,4.11,4.1,4.1,4.06,4.05,4.03,4.03,4.02,4.03,4,3.98,3.94,3.94,3.83,3.78,3.84,3.77,3.69,3.57,3.47,3.34,3.26,3.19,3.13,3.09
Guyana,1.73,1.75,1.76,1.7,1.61,1.55,1.49,1.37,1.21,1.08,1.01,0.88,0.84,0.82,0.86,0.86,0.81,0.76,0.76,0.8,0.76,0.74,0.75,0.72,0.7,0.68,0.64
Haiti,5.75,5.51,5.21,4.91,4.59,4.26,3.95,3.67,3.4,3.16,2.93,2.75,2.61,2.51,2.42,2.37,2.31,2.25,2.19,2.13,2.08,2.02,1.93,1.85,1.78,1.71,1.64
Honduras,1.59,1.53,1.47,1.4,1.35,1.31,1.27,1.24,1.21,1.18,1.14,1.11,1.08,1.05,1.03,1,0.98,0.95,0.92,0.89,0.87,0.85,0.83,0.81,0.79,0.77,0.75
Hungary,1.2,1.15,1.04,0.94,0.81,0.68,0.51,0.42,0.38,0.34,0.32,0.31,0.28,0.28,0.27,0.26,0.27,0.26,0.26,0.25,0.24,0.23,0.23,0.23,0.22,0.22,0.22
Iceland,0.68,0.65,0.6,0.56,0.52,0.49,0.45,0.42,0.38,0.34,0.31,0.28,0.25,0.23,0.22,0.21,0.2,0.2,0.2,0.19,0.19,0.18,0.18,0.18,0.18,0.18,0.17
India,1.04,1,1,0.94,0.91,0.89,0.87,0.85,0.82,0.8,0.78,0.76,0.74,0.71,0.69,0.66,0.64,0.63,0.61,0.58,0.55,0.53,0.5,0.49,0.48,0.46,0.43
Indonesia,0.61,0.6,0.59,0.57,0.56,0.54,0.53,0.52,0.51,0.51,0.51,0.5,0.49,0.49,0.48,0.47,0.46,0.45,0.45,0.45,0.45,0.45,0.43,0.42,0.41,0.4,0.39
Iran,6.17,5.81,5.47,5.19,4.96,4.84,4.68,4.44,4.3,4.11,3.99,3.86,3.75,3.54,3.33,3.1,2.94,2.72,2.52,2.35,2.2,2.09,1.96,1.8,1.67,1.57,1.54
Iraq,1.05,1.04,1.04,1.05,1.05,1.03,1.06,1.05,1.01,0.98,0.95,0.89,0.88,0.86,0.82,0.82,0.81,0.8,0.79,0.78,0.78,0.77,0.73,0.7,0.68,0.66,0.64
Ireland,0.45,0.46,0.44,0.46,0.47,0.48,0.5,0.48,0.44,0.44,0.44,0.45,0.42,0.39,0.35,0.34,0.34,0.3,0.28,0.27,0.26,0.24,0.23,0.24,0.23,0.23,0.23
Israel,0.28,0.27,0.28,0.27,0.25,0.22,0.21,0.21,0.21,0.21,0.21,0.19,0.2,0.2,0.2,0.2,0.18,0.18,0.17,0.17,0.16,0.16,0.15,0.15,0.15,0.15,0.15
Italy,0.57,0.57,0.52,0.5,0.46,0.45,0.42,0.39,0.36,0.33,0.3,0.27,0.24,0.2,0.18,0.16,0.15,0.14,0.13,0.13,0.12,0.12,0.11,0.11,0.11,0.11,0.11
Jamaica,0.44,0.43,0.42,0.41,0.4,0.39,0.39,0.38,0.38,0.38,0.37,0.38,0.37,0.35,0.36,0.37,0.35,0.34,0.33,0.33,0.32,0.32,0.32,0.31,0.31,0.31,0.3
Japan,0.45,0.42,0.4,0.38,0.36,0.34,0.34,0.32,0.32,0.32,0.32,0.32,0.33,0.34,0.35,0.35,0.34,0.33,0.33,0.33,0.32,0.31,0.29,0.28,0.27,0.26,0.26
Jordan,2,1.89,1.8,1.76,1.69,1.65,1.61,1.56,1.51,1.44,1.37,1.31,1.25,1.21,1.16,1.07,0.96,0.88,0.81,0.73,0.68,0.64,0.62,0.61,0.6,0.59,0.59
Kazakhstan,3.05,3.09,3.16,3.28,3.43,3.57,3.68,3.76,3.87,3.99,4.06,4.11,4.12,4.13,4.13,4.1,4.01,3.74,3.44,3.2,3.03,2.86,2.75,2.69,2.6,2.47,2.42
Kenya,2.66,2.63,2.62,2.58,2.54,2.48,2.44,2.4,2.36,2.27,2.65,2.14,2.09,2.08,2.01,1.95,1.89,1.84,1.8,1.73,1.75,1.74,1.71,1.67,1.63,1.58,1.56
Kiribati,4.45,4.3,4.11,3.93,3.71,3.59,3.45,3.32,3.2,3.17,3.13,3.1,3.14,3.16,3.16,3.21,3.27,3.37,3.37,3.41,3.42,3.41,3.39,3.37,3.34,3.3,3.27
Kuwait,0.54,0.48,0.49,0.57,0.54,0.42,0.44,0.35,0.39,0.31,0.29,0.32,0.29,0.27,0.25,0.28,0.29,0.29,0.27,0.26,0.24,0.21,0.2,0.2,0.18,0.18,0.18
Kyrgyz Republic,2.13,2.14,2.19,2.27,2.39,2.42,2.28,2.12,2,1.86,1.64,1.51,1.36,1.32,1.25,1.2,1.18,1.11,1.07,1.02,0.94,0.9,0.88,0.82,0.81,0.8,0.78
Lao,2.22,2.2,2.18,2.16,2.14,2.12,2.09,2.06,2.02,1.97,1.89,1.83,1.76,1.67,1.58,1.5,1.42,1.34,1.33,1.24,1.18,1.1,1.05,0.99,0.94,0.9,0.87
Latvia,1.7,1.88,2.14,2.59,2.99,2.96,2.69,2.97,3.16,2.77,2.76,2.78,2.73,2.55,2.44,2.41,2.24,1.98,1.55,1.29,1.09,0.96,0.88,0.81,0.79,0.82,0.83
Lebanon,0.99,0.92,0.88,0.84,0.8,0.74,0.69,0.64,0.6,0.55,0.51,0.47,0.44,0.41,0.38,0.36,0.34,0.32,0.3,0.29,0.27,0.26,0.25,0.25,0.24,0.23,0.23
Lesotho,2.9,2.81,2.76,2.7,2.7,2.65,2.63,2.65,2.75,2.82,2.99,3.02,3.16,3.3,3.4,3.45,3.46,3.45,3.47,3.4,3.36,3.27,3.22,3.2,3.17,3.11,3.05
Liberia,2.7,2.68,2.64,2.61,2.62,2.58,2.69,2.64,2.6,2.49,2.39,2.26,2.19,2.13,2.02,1.98,1.94,1.92,1.88,1.86,1.84,1.81,1.79,1.76,1.7,1.66,1.62
Libya,1.08,1.04,1,0.97,0.94,0.92,0.89,0.87,0.86,0.84,0.83,0.8,0.78,0.75,0.73,0.71,0.68,0.65,0.64,0.59,0.57,0.58,0.54,0.54,0.54,0.54,0.54
Lithuania,2.15,2.5,2.8,3.64,4.13,4.18,3.92,3.57,2.9,2.03,2.01,1.56,1.35,1.24,1.14,1.18,1.17,1.14,1.04,0.91,0.88,0.75,0.68,0.65,0.62,0.65,0.63
Luxembourg,0.61,0.57,0.53,0.49,0.45,0.41,0.37,0.33,0.3,0.26,0.23,0.21,0.2,0.18,0.17,0.16,0.15,0.15,0.14,0.14,0.13,0.13,0.12,0.12,0.12,0.12,0.12
Madagascar,3.72,3.63,3.55,3.55,3.45,3.36,3.27,3.18,3.1,2.98,2.87,2.75,2.68,2.59,2.5,2.42,2.36,2.31,2.3,2.3,2.28,2.28,2.26,2.19,2.18,2.14,2.1
Malawi,4.71,4.6,4.57,4.51,4.55,4.53,4.5,4.43,4.41,4.28,4.12,3.89,3.64,3.47,3.31,3.14,3,2.9,2.81,2.76,2.76,2.72,2.66,2.58,2.49,2.42,2.35
Malaysia,1.74,1.67,1.61,1.54,1.48,1.43,1.37,1.32,1.27,1.23,1.18,1.14,1.1,1.06,1.02,0.99,0.94,0.9,0.88,0.87,0.85,0.83,0.81,0.78,0.75,0.72,0.69
Maldives,0.53,0.49,0.45,0.41,0.37,0.33,0.3,0.27,0.24,0.22,0.2,0.18,0.17,0.15,0.14,0.12,0.11,0.1,0.1,0.09,0.09,0.08,0.08,0.07,0.07,0.07,0.07
Mali,3.49,3.41,3.37,3.31,3.29,3.29,3.22,3.16,3.06,2.97,2.92,2.81,2.75,2.62,2.52,2.43,2.37,2.33,2.29,2.27,2.22,2.15,2.09,2.04,2,1.95,1.91
Malta,0.36,0.35,0.33,0.31,0.29,0.27,0.25,0.23,0.22,0.2,0.18,0.17,0.15,0.14,0.14,0.13,0.13,0.13,0.13,0.12,0.12,0.12,0.11,0.11,0.11,0.11,0.11
Marshall Islands,2.13,1.97,1.94,1.91,1.87,1.85,1.84,1.84,1.85,1.88,1.89,1.91,1.91,1.92,1.88,1.86,1.85,1.8,1.76,1.71,1.67,1.61,1.56,1.51,1.47,1.42,1.37
Mauritania,2.08,2.04,2.02,2,2.01,1.97,1.99,1.95,1.92,1.85,1.8,1.77,1.69,1.64,1.6,1.58,1.52,1.47,1.43,1.38,1.35,1.32,1.28,1.25,1.21,1.18,1.15
Mauritius,0.39,0.45,0.43,0.43,0.42,0.42,0.38,0.36,0.37,0.38,0.32,0.33,0.27,0.25,0.24,0.22,0.18,0.18,0.16,0.16,0.16,0.16,0.15,0.15,0.13,0.13,0.13
Mexico,1.65,1.58,1.5,1.42,1.33,1.26,1.15,1.06,0.91,0.82,0.75,0.7,0.66,0.63,0.6,0.58,0.56,0.55,0.54,0.54,0.53,0.51,0.49,0.48,0.46,0.45,0.44
"Micronesia, Fed. Sts.",2.51,2.44,2.37,2.3,2.24,2.17,2.11,2.05,1.98,1.92,1.9,1.85,1.83,1.78,1.73,1.72,1.71,1.71,1.68,1.66,1.67,1.63,1.59,1.58,1.56,1.55,1.51
Moldova,4.39,5.16,5.23,5.65,6.28,6.62,6.29,5.99,5.71,5.91,5.85,5.7,5.46,5.02,4.43,3.95,3.19,2.28,1.9,1.68,1.54,1.32,1.22,1.11,1.1,1.08,1.1
Monaco,,,,,,,,,,,,,0.599,,0.588,,,,,,,,,,,,
Mongolia,13.3,13.3,13.4,13.5,13.7,13.9,13.8,13.4,12.6,11.1,9.45,7.82,6.52,5.47,4.76,4.25,3.83,3.47,3.17,3,2.84,2.77,2.68,2.58,2.49,2.42,2.37
Montenegro,1.1,1.1,1.1,1.12,1.13,1.15,1.15,1.15,1.15,1.14,1.11,1.07,1.01,0.95,0.89,0.84,0.79,0.76,0.72,0.68,0.66,0.64,0.62,0.6,0.59,0.58,0.58
Morocco,1.96,1.88,1.81,1.75,1.67,1.6,1.53,1.46,1.4,1.34,1.28,1.24,1.18,1.15,1.11,1.08,1.03,1,0.96,0.93,0.9,0.87,0.83,0.81,0.79,0.76,0.74
Mozambique,4.82,4.71,4.66,4.6,4.48,4.4,4.31,4.2,4.04,3.86,3.72,3.48,3.3,3.15,3.04,2.97,2.92,2.88,2.85,2.78,2.71,2.64,2.58,2.52,2.5,2.48,2.41
Myanmar,2.15,2.14,2.13,2.11,2.09,2.08,2.05,2.03,2.02,1.97,1.9,1.84,1.75,1.68,1.59,1.51,1.42,1.32,1.25,1.17,1.11,1.04,0.99,0.94,0.89,0.85,0.82
Namibia,2.95,2.86,2.8,2.72,2.68,2.67,2.67,2.67,2.72,2.71,2.71,2.62,2.56,2.42,2.3,2.17,2.05,1.93,1.82,1.71,1.64,1.56,1.49,1.44,1.39,1.35,1.32
Nauru,,,,,,,,,,,,,1.48,,1.28,,,,,,,,,,,,
Nepal,1.2,1.15,1.09,1.05,1,0.96,0.91,0.88,0.84,0.81,0.78,0.74,0.71,0.68,0.65,0.63,0.6,0.57,0.54,0.52,0.49,0.47,0.46,0.44,0.42,0.4,0.38
Netherlands,0.19,0.19,0.18,0.17,0.16,0.15,0.14,0.13,0.12,0.12,0.12,0.12,0.11,0.11,0.1,0.1,0.1,0.09,0.09,0.09,0.09,0.09,0.08,0.08,0.08,0.08,0.08
New Zealand,0.33,0.32,0.3,0.3,0.28,0.28,0.3,0.28,0.25,0.24,0.23,0.21,0.22,0.24,0.23,0.22,0.22,0.24,0.24,0.23,0.22,0.21,0.2,0.19,0.19,0.19,0.19
Nicaragua,1.14,1.11,1.11,1.12,1.07,1.02,0.96,0.91,0.85,0.81,0.73,0.67,0.61,0.57,0.54,0.51,1.45,0.47,0.46,0.46,0.44,0.44,0.44,0.43,0.43,0.42,0.41
Niger,3.83,3.74,3.72,3.68,3.64,3.64,3.58,3.55,3.51,3.45,3.38,3.34,3.24,3.16,3.07,3.04,3.01,2.92,2.8,2.73,2.66,2.62,2.6,2.59,2.58,2.55,2.53
Nigeria,2.06,1.91,1.92,1.91,1.88,1.88,1.88,1.87,1.84,1.81,1.78,1.73,1.7,1.61,1.55,1.49,1.45,1.4,1.33,1.31,1.44,1.22,1.18,1.14,1.12,1.09,1.08
North Korea,1.88,1.86,1.83,1.81,1.81,1.82,1.87,1.92,1.97,2.06,2.13,2.18,2.22,2.24,2.25,2.24,2.23,2.2,2.19,2.16,2.12,2.09,2.06,2.03,2,1.97,1.95
North Macedonia,0.61,0.6,0.6,0.58,0.56,0.54,0.52,0.52,0.55,0.56,0.55,0.56,0.57,0.57,0.55,0.54,0.53,0.52,0.51,0.49,0.47,0.45,0.43,0.42,0.41,0.41,0.4
Norway,0.3,0.29,0.29,0.28,0.26,0.24,0.23,0.22,0.2,0.2,0.2,0.19,0.19,0.2,0.2,0.2,0.19,0.19,0.19,0.19,0.19,0.18,0.17,0.17,0.16,0.16,0.16
Oman,1.19,1.1,1.03,0.96,0.91,0.85,0.8,0.75,0.69,0.65,0.6,0.56,0.53,0.51,0.48,0.46,0.45,0.44,0.45,0.45,0.44,0.44,0.43,0.42,0.4,0.37,0.35
Pakistan,1.19,1.19,1.19,1.19,1.19,1.19,1.18,1.16,1.14,1.11,1.09,1.07,1.04,1.01,0.97,0.93,0.9,0.87,0.87,0.86,0.83,0.8,0.77,0.73,0.71,0.68,0.66
Palau,,,,,,,,,,,,,3.79,,3.63,,,,,,,,,,,,
Palestine,1.09,1.05,1.01,0.96,0.92,0.88,0.85,0.86,0.7,0.65,0.63,0.55,0.52,0.49,0.44,0.4,0.37,0.35,0.34,0.34,0.34,0.34,0.33,0.33,0.32,0.31,0.31
Panama,1.03,1.02,1.02,1.01,1.01,1.01,1.05,0.95,0.81,0.72,0.66,0.63,0.67,0.71,0.69,0.74,0.82,0.73,0.66,0.64,0.6,0.56,0.51,0.46,0.41,0.42,0.41
Papua New Guinea,3.76,3.71,3.67,3.61,3.55,3.52,3.46,3.45,3.46,3.4,3.29,3.33,3.36,3.35,3.35,3.42,3.44,3.47,3.44,3.36,3.33,3.26,3.17,3.08,3,2.9,2.84
Paraguay,0.74,0.72,0.71,0.68,0.65,0.64,0.59,0.54,0.51,0.48,0.45,0.42,0.4,0.38,0.36,0.34,0.33,0.32,0.31,0.31,0.29,0.28,0.28,0.28,0.28,0.27,0.27
Peru,2.35,2.24,2.14,2.07,1.97,1.82,1.73,1.61,1.48,1.37,1.26,1.18,1.1,1.04,0.99,0.93,0.88,0.84,0.81,0.79,0.77,0.74,0.71,0.7,0.67,0.64,0.61
Philippines,0.34,0.35,0.43,0.47,0.5,0.51,0.5,0.45,0.42,0.36,0.37,0.37,0.37,0.36,0.35,0.35,0.33,0.31,0.31,0.29,0.28,0.27,0.26,0.25,0.25,0.24,0.24
Poland,0.5,0.5,0.48,0.45,0.44,0.43,0.41,0.4,0.38,0.37,0.35,0.34,0.33,0.31,0.3,0.3,0.29,0.27,0.26,0.25,0.23,0.22,0.21,0.19,0.18,0.18,0.18
Portugal,0.76,0.73,0.7,0.66,0.62,0.59,0.54,0.51,0.48,0.45,0.42,0.38,0.35,0.33,0.34,0.3,0.29,0.28,0.26,0.25,0.24,0.22,0.22,0.22,0.22,0.21,0.21
Qatar,0.63,0.62,0.61,0.61,0.61,0.61,0.56,0.5,0.45,0.42,0.4,0.37,0.39,0.37,0.37,0.33,0.31,0.33,0.34,0.32,0.3,0.29,0.29,0.29,0.31,0.3,0.3
Romania,1.23,1.12,1.13,1.12,1.12,1.08,1.09,1.06,1,0.95,0.9,0.85,0.77,0.72,0.68,0.63,0.58,0.52,0.5,0.47,0.45,0.41,0.39,0.38,0.36,0.35,0.35
Russia,2.22,2.23,2.36,2.68,2.83,2.75,2.57,2.42,2.38,2.5,2.54,2.49,2.44,2.39,2.29,2.23,2.05,1.94,1.87,1.77,1.71,1.66,1.62,1.57,1.55,1.53,1.5
Rwanda,5.2,5.32,5.45,5.6,5.82,5.98,5.94,5.78,5.49,5.05,4.59,4.11,3.72,3.4,3.21,2.98,2.77,2.61,2.48,2.37,2.3,2.24,2.19,2.15,2.12,2.09,2.05
Samoa,1.57,1.53,1.49,1.45,1.42,1.39,1.35,1.32,1.28,1.28,1.27,1.25,1.23,1.21,1.2,1.18,1.16,1.14,1.13,1.11,1.1,1.09,1.08,1.06,1.05,1.03,1.01
San Marino,,,,,,,,,,,,,2.56,,1.68,,,,,,,,,,,,
Sao Tome and Principe,1.45,1.42,1.39,1.35,1.3,1.27,1.22,1.21,1.18,1.15,1.15,1.11,1.09,1.07,1.03,1.04,1.02,0.98,0.96,0.94,0.91,0.88,0.9,0.87,0.85,0.83,0.82
Saudi Arabia,2.08,1.99,1.88,1.78,1.68,1.61,1.52,1.43,1.36,1.28,1.21,1.17,1.13,1.09,1.04,0.99,0.94,0.9,0.85,0.79,0.76,0.71,0.68,0.65,0.61,0.58,0.55
Senegal,2.72,2.68,2.67,2.64,2.66,2.63,2.62,2.63,2.62,2.62,2.61,2.6,2.58,2.55,2.57,2.57,2.55,2.52,2.45,2.39,2.33,2.29,2.25,2.21,2.2,2.16,2.11
Serbia,0.77,0.76,0.76,0.76,0.76,0.76,0.75,0.73,0.71,0.68,0.65,0.62,0.59,0.56,0.53,0.5,0.47,0.45,0.43,0.41,0.39,0.38,0.36,0.34,0.33,0.32,0.33
Seychelles,1.15,1.14,1.14,1.13,1.12,1.1,1.1,1.09,1.08,1.04,1.01,0.98,0.95,0.93,0.9,0.88,0.81,0.75,0.72,0.68,0.64,0.62,0.59,0.58,0.56,0.55,0.54
Sierra Leone,3.02,2.99,2.98,2.97,2.95,2.96,2.97,3.06,3.05,3.05,3.02,3.01,2.99,2.92,2.85,2.78,2.74,2.7,2.62,2.57,2.54,2.46,2.43,2.35,2.3,2.27,2.22
Singapore,0.29,0.24,0.21,0.19,0.18,0.16,0.15,0.15,0.14,0.13,0.14,0.13,0.14,0.13,0.14,0.14,0.14,0.13,0.13,0.12,0.11,0.1,0.09,0.08,0.08,0.07,0.07
Slovak Republic,1.11,1.09,1.06,1,0.91,0.86,0.8,0.77,0.75,0.71,0.69,0.67,0.65,0.64,0.62,0.62,0.61,0.58,0.53,0.49,0.43,0.4,0.37,0.35,0.34,0.33,0.32
Slovenia,0.73,0.72,0.7,0.72,0.76,0.77,0.75,0.73,0.71,0.64,0.58,0.56,0.49,0.49,0.47,0.42,0.4,0.34,0.31,0.28,0.27,0.25,0.24,0.24,0.23,0.23,0.23
Solomon Islands,3.35,3.3,3.24,3.18,3.12,3.06,3.03,3.04,3.03,3.08,3.01,3.03,3.08,3.11,3.1,3.11,3.15,3.19,3.18,3.11,3.05,2.98,2.89,2.81,2.73,2.67,2.6
Somalia,5.74,5.7,5.66,5.64,5.63,5.6,5.55,5.49,5.41,5.21,4.98,4.84,4.79,4.71,4.58,4.43,4.32,4.34,4.33,4.22,4.05,4.01,3.98,3.95,3.89,3.83,3.78
South Africa,2,1.92,1.88,1.77,1.74,1.66,1.64,1.69,1.7,1.76,1.87,1.85,1.85,1.82,1.76,1.69,1.62,1.51,1.41,1.32,1.24,1.17,1.1,1.06,1.04,1.03,1.03
South Korea,2.44,2.28,2.1,1.9,1.71,1.56,1.41,1.3,1.22,1.1,0.98,0.89,0.81,0.74,0.68,0.64,0.6,0.57,0.55,0.53,0.51,0.5,0.48,0.47,0.46,0.46,0.45
South Sudan,4.73,4.62,4.59,4.56,4.52,4.47,4.36,4.18,4.1,3.96,3.85,3.64,3.5,3.46,3.45,3.49,3.54,3.54,3.53,3.47,3.38,3.3,3.23,3.23,3.21,3.21,3.19
Spain,0.63,0.61,0.58,0.54,0.51,0.46,0.42,0.38,0.34,0.27,0.24,0.22,0.2,0.19,0.18,0.18,0.17,0.16,0.15,0.15,0.14,0.14,0.13,0.13,0.12,0.12,0.12
Sri Lanka,1.07,0.98,0.91,0.84,0.81,0.79,0.82,0.96,0.8,0.78,0.76,0.73,0.7,0.67,0.66,0.67,0.59,0.53,0.48,0.43,0.39,0.38,0.36,0.35,0.33,0.32,0.31
St. Kitts and Nevis,,,,,,,,,,,,,0,,0,,,,,,,,,,,,
St. Lucia,0.56,0.55,0.55,0.53,0.5,0.47,0.44,0.38,0.33,0.29,0.26,0.25,0.24,0.23,0.24,0.23,0.22,0.21,0.2,0.2,0.19,0.19,0.19,0.19,0.18,0.18,0.18
St. Vincent and the Grenadines,0.65,0.64,0.61,0.58,0.56,0.56,0.54,0.46,0.41,0.38,0.34,0.33,0.32,0.3,0.31,0.3,0.27,0.26,0.25,0.26,0.25,0.24,0.25,0.24,0.23,0.21,0.22
Sudan,4.28,4.22,4.16,4.09,3.99,3.92,3.78,3.63,3.49,3.34,3.22,3.07,2.93,2.78,2.7,2.7,2.63,2.54,2.46,2.4,2.35,2.28,2.23,2.16,2.08,2,1.92
Suriname,1.19,1.14,1.12,1.06,0.99,0.9,0.82,0.74,0.69,0.66,0.63,0.62,0.61,0.6,0.59,0.57,0.56,0.54,0.53,0.52,0.5,0.49,0.49,0.48,0.46,0.45,0.44
Swaziland,2.7,2.62,2.49,2.34,2.26,2.27,2.29,2.3,2.43,2.58,2.83,3.03,3.21,3.33,3.4,3.42,3.36,3.28,3.19,3.09,2.95,2.78,2.65,2.54,2.42,2.32,2.26
Sweden,0.79,0.8,0.76,0.71,0.66,0.62,0.55,0.45,0.41,0.38,0.36,0.35,0.33,0.33,0.32,0.32,0.32,0.32,0.32,0.33,0.32,0.32,0.32,0.33,0.33,0.34,0.33
Switzerland,0.15,0.15,0.15,0.15,0.14,0.14,0.13,0.13,0.13,0.13,0.13,0.12,0.12,0.12,0.11,0.11,0.11,0.1,0.1,0.1,0.1,0.09,0.09,0.08,0.08,0.08,0.08
Syria,1.19,1.14,1.08,1.04,0.99,0.93,0.88,0.84,0.8,0.76,0.73,0.7,0.67,0.67,0.68,0.68,0.68,0.67,0.64,0.62,0.56,0.54,0.53,0.52,0.51,0.5,0.49
Tajikistan,2.25,2.37,2.65,3.6,2.86,2.8,2.72,2.65,2.58,2.47,2.34,2.22,2.09,1.96,1.83,1.7,1.67,1.65,1.61,1.57,1.52,1.49,1.46,1.42,1.41,1.39,1.37
Tanzania,4.1,4,3.94,3.86,3.81,3.68,3.57,3.88,3.37,3.26,3.12,2.98,2.9,2.89,2.87,2.83,2.76,2.75,2.72,2.66,2.59,2.55,2.53,2.5,2.42,2.36,2.31
Thailand,0.58,0.57,0.56,0.56,0.56,0.54,0.52,0.5,0.48,0.49,0.49,0.49,0.48,0.46,0.42,0.38,0.37,0.36,0.35,0.34,0.33,0.32,0.3,0.29,0.28,0.28,0.27
Timor-Leste,1.42,1.38,1.33,1.28,1.24,1.21,1.17,1.14,1.12,1.1,1.07,1.03,0.99,0.98,0.93,0.87,0.79,0.75,0.7,0.67,0.64,0.6,0.57,0.55,0.53,0.52,0.51
Togo,2.77,2.75,2.73,2.75,2.77,2.77,2.77,2.8,2.83,2.74,2.69,2.65,2.6,2.56,2.45,2.38,2.32,2.28,2.27,2.22,2.18,2.13,2.09,2.04,2,1.94,1.88
Tonga,3.08,3.1,3.07,3.02,2.98,2.96,2.93,2.88,2.79,2.81,2.81,2.75,2.74,2.71,2.68,2.57,2.56,2.53,2.47,2.44,2.41,2.32,2.32,2.29,2.25,2.2,2.16
Trinidad and Tobago,0.84,0.83,0.89,0.86,0.83,0.75,0.67,0.59,0.49,0.4,0.34,0.33,0.3,0.26,0.24,0.24,0.24,0.25,0.26,0.29,0.25,0.25,0.25,0.24,0.24,0.24,0.24
Tunisia,1.58,1.5,1.44,1.38,1.31,1.25,1.18,1.12,1.06,1.01,0.96,0.92,0.88,0.85,0.82,0.79,0.76,0.73,0.7,0.68,0.65,0.63,0.6,0.58,0.56,0.54,0.52
Turkey,0.87,0.84,0.81,0.79,0.77,0.75,0.7,0.66,0.61,0.55,0.47,0.43,0.39,0.36,0.32,0.29,0.27,0.24,0.22,0.22,0.21,0.2,0.19,0.19,0.19,0.18,0.18
Turkmenistan,1.79,1.83,1.83,1.94,1.81,1.72,1.62,1.58,1.51,1.46,1.37,1.36,1.35,1.34,1.32,1.31,1.28,1.2,1.14,1.05,0.98,0.94,0.88,0.83,0.79,0.78,0.76
Tuvalu,,,,,,,,,,,,,7.26,,7.77,,,,,,,,,,,,
Uganda,4.55,4.56,4.45,4.38,4.32,4.24,4.16,4.02,3.91,3.74,3.64,3.57,3.42,3.32,3.23,3.13,3.08,2.99,2.89,2.8,2.73,2.68,2.67,2.67,2.62,2.53,2.49
Ukraine,2.4,2.52,2.62,2.73,2.89,3.16,3.22,3.14,3.05,3.14,3.26,3.27,3.28,3.28,3.32,3.45,3.26,3.22,3.06,2.64,2.39,2.24,2.19,2.14,2.03,2.03,2.04
United Arab Emirates,1.12,1.07,1.02,0.99,0.95,0.91,0.88,0.84,0.8,0.77,0.74,0.7,0.66,0.62,0.58,0.54,0.52,0.49,0.48,0.47,0.48,0.47,0.47,0.46,0.45,0.45,0.44
United Kingdom,0.52,0.52,0.51,0.53,0.53,0.52,0.51,0.49,0.46,0.42,0.37,0.3,0.27,0.25,0.24,0.22,0.22,0.21,0.2,0.2,0.19,0.19,0.18,0.18,0.18,0.17,0.17
United States,0.69,0.67,0.64,0.62,0.61,0.58,0.56,0.54,0.51,0.49,0.49,0.49,0.5,0.5,0.51,0.52,0.52,0.53,0.52,0.52,0.51,0.52,0.52,0.52,0.52,0.52,0.52
Uruguay,1.06,1.18,0.96,0.86,0.78,0.73,0.69,0.67,0.59,0.56,0.55,0.51,0.48,0.46,0.45,0.42,0.4,0.41,0.41,0.41,0.39,0.39,0.38,0.38,0.37,0.36,0.35
Uzbekistan,1.51,1.5,1.49,1.49,1.49,1.47,1.45,1.44,1.44,1.43,1.46,1.45,1.45,1.4,1.4,1.39,1.39,1.37,1.35,1.34,1.31,1.29,1.31,1.3,1.29,1.23,1.19
Vanuatu,3.01,3,3,2.99,2.97,2.95,2.94,2.88,2.85,2.98,3.01,3.03,3.05,3.03,2.99,2.99,2.95,2.96,2.89,2.8,2.73,2.67,2.6,2.53,2.5,2.46,2.45
Venezuela,0.62,0.6,0.58,0.57,0.57,0.56,0.55,0.5,0.49,0.47,0.47,0.47,0.48,0.46,0.44,0.42,0.42,0.41,0.42,0.4,0.37,0.36,0.36,0.35,0.34,0.34,0.33
Vietnam,2.08,2.02,1.97,1.92,1.87,1.82,1.77,1.72,1.67,1.62,1.57,1.52,1.48,1.43,1.39,1.35,1.3,1.25,1.21,1.17,1.13,1.09,1.04,1,0.96,0.93,0.9
Yemen,4.84,4.75,4.63,4.5,4.35,4.23,4.06,3.9,3.73,3.59,3.44,3.29,3.19,3.03,2.88,2.72,2.58,2.5,2.4,2.31,2.21,2.15,2.04,1.96,1.88,1.86,1.83
Zambia,4.3,4.4,4.49,4.58,4.69,4.82,4.85,4.86,4.85,4.78,4.75,4.68,4.59,4.56,4.46,4.39,4.31,4.19,4.04,3.9,3.79,3.69,3.55,3.41,3.28,3.16,3.06
Zimbabwe,4.31,3.83,3.6,3.43,3.33,3.38,3.33,3.36,3.48,3.54,3.49,3.23,3.08,2.92,2.84,2.73,2.63,2.54,2.59,2.59,2.56,2.5,2.41,2.31,2.25,2.15,2.07
